{"Accuracy": 0.5091476091476091, "F1_Score": 0.3801041748627001}