{"Accuracy": 0.43589743589743585, "F1_Score": 0.2877056277056277}