{"Accuracy": 0.3435897435897436, "F1_Score": 0.5058874458874458}