{"Accuracy": 0.316923076923077, "F1_Score": 0.47704248366013075}