{"Accuracy": 0.44564705882352945, "F1_Score": 0.6052546390203591}