{"acc": 0.38461538461538464, "f1": 0.5555555555555556}